{"cameraMode":{"drawMode":0,"name":"Shaded","section":"Shading Mode"},"sceneLighting":false,"audioPlay":false,"sceneViewState":{"showFog":true,"showMaterialUpdate":true,"showSkybox":false,"showFlares":true,"showImageEffects":true,"showParticleSystems":true},"in2DMode":false,"pivot":{"x":-3.087472915649414,"y":-3.5798020362854006,"z":8.274186134338379},"rotation":{"x":-0.14688342809677125,"y":0.6702421307563782,"z":-0.13782648742198945,"w":-0.7142866849899292},"size":20.18910026550293,"orthographic":false}